Transaction ID,Date,Customer ID,Quantity,Price per Unit,Total Amount,Retail Category,Product Name
1,2023-11-24,CUST001,3,36,108,Mi Instan,Indomie Goreng
2,2023-02-27,CUST002,2,38,76,Mi Instan,Mie Sedaap Soto
3,2023-01-13,CUST003,1,45,45,Snack,Taro
4,2023-05-21,CUST004,1,45,45,Snack,Taro
5,2023-05-06,CUST005,2,35,70,Sabun,Lifebuoy
6,2023-04-25,CUST006,1,35,35,Sabun,Lifebuoy
7,2023-03-13,CUST007,2,34,68,Mi Instan,Sarimi Ayam
8,2023-02-22,CUST008,4,32,128,Sabun,Lux
9,2023-12-13,CUST009,2,34,68,Mi Instan,Sarimi Ayam
10,2023-10-07,CUST010,4,58,232,Susu,Bear Brand
11,2023-02-14,CUST011,2,50,100,Snack,Qtela
12,2023-10-30,CUST012,3,38,114,Mi Instan,Mie Sedaap Soto
13,2023-08-05,CUST013,3,34,102,Mi Instan,Sarimi Ayam
14,2023-01-17,CUST014,4,60,240,Susu,Dancow
15,2023-01-16,CUST015,4,58,232,Susu,Bear Brand
16,2023-02-17,CUST016,3,45,135,Snack,Taro
17,2023-04-22,CUST017,4,40,160,Kopi,Good Day
18,2023-04-30,CUST018,2,52,104,Susu,Ultra Milk
19,2023-09-16,CUST019,2,34,68,Mi Instan,Sarimi Ayam
20,2023-11-05,CUST020,3,36,108,Mi Instan,Indomie Goreng
21,2023-01-14,CUST021,1,48,48,Minuman,Pocari Sweat
22,2023-10-15,CUST022,2,60,120,Susu,Dancow
23,2023-04-12,CUST023,4,52,208,Susu,Ultra Milk
24,2023-11-29,CUST024,1,45,45,Snack,Taro
25,2023-12-26,CUST025,1,32,32,Sabun,Lux
26,2023-10-07,CUST026,2,48,96,Minuman,Pocari Sweat
27,2023-08-03,CUST027,2,55,110,Snack,Chitato
28,2023-04-23,CUST028,1,50,50,Snack,Qtela
29,2023-08-18,CUST029,1,60,60,Susu,Dancow
30,2023-10-29,CUST030,3,42,126,Kopi,Kapal Api
31,2023-05-23,CUST031,4,55,220,Snack,Chitato
32,2023-01-04,CUST032,3,52,156,Susu,Ultra Milk
33,2023-03-23,CUST033,2,48,96,Minuman,Pocari Sweat
34,2023-12-24,CUST034,3,55,165,Snack,Chitato
35,2023-08-05,CUST035,3,58,174,Susu,Bear Brand
36,2023-06-24,CUST036,3,45,135,Snack,Taro
37,2023-05-23,CUST037,3,45,135,Snack,Taro
38,2023-03-21,CUST038,4,38,152,Mi Instan,Mie Sedaap Soto
39,2023-04-21,CUST039,4,35,140,Sabun,Lifebuoy
40,2023-06-22,CUST040,1,38,38,Kopi,ABC Coffee
41,2023-02-22,CUST041,2,42,84,Kopi,Kapal Api
42,2023-02-17,CUST042,3,40,120,Kopi,Good Day
43,2023-07-14,CUST043,1,38,38,Kopi,ABC Coffee
44,2023-02-19,CUST044,1,35,35,Sabun,Lifebuoy
45,2023-07-03,CUST045,1,40,40,Kopi,Good Day
46,2023-06-26,CUST046,4,38,152,Kopi,ABC Coffee
47,2023-11-06,CUST047,3,58,174,Susu,Bear Brand
48,2023-05-16,CUST048,3,42,126,Kopi,Kapal Api
49,2023-01-23,CUST049,2,60,120,Susu,Dancow
50,2023-08-24,CUST050,3,55,165,Snack,Chitato
51,2023-10-02,CUST051,3,40,120,Kopi,Good Day
52,2023-03-05,CUST052,1,50,50,Snack,Qtela
53,2023-07-13,CUST053,2,58,116,Susu,Bear Brand
54,2023-02-10,CUST054,3,50,150,Snack,Qtela
55,2023-10-10,CUST055,4,34,136,Mi Instan,Sarimi Ayam
56,2023-05-31,CUST056,3,45,135,Snack,Taro
57,2023-11-18,CUST057,1,34,34,Mi Instan,Sarimi Ayam
58,2023-11-13,CUST058,4,45,180,Snack,Taro
59,2023-07-05,CUST059,1,48,48,Minuman,Pocari Sweat
60,2023-10-23,CUST060,3,32,96,Sabun,Lux
61,2023-04-09,CUST061,4,32,128,Sabun,Lux
62,2023-12-27,CUST062,2,36,72,Mi Instan,Indomie Goreng
63,2023-02-05,CUST063,2,45,90,Snack,Taro
64,2023-01-24,CUST064,4,52,208,Susu,Ultra Milk
65,2023-12-05,CUST065,4,45,180,Snack,Taro
66,2023-04-27,CUST066,1,36,36,Mi Instan,Indomie Goreng
67,2023-05-29,CUST067,4,60,240,Susu,Dancow
68,2023-02-10,CUST068,1,40,40,Sabun,Dettol
69,2023-04-30,CUST069,3,40,120,Sabun,Dettol
70,2023-02-21,CUST070,1,45,45,Snack,Taro
71,2023-07-14,CUST071,4,40,160,Kopi,Good Day
72,2023-05-23,CUST072,4,40,160,Kopi,Good Day
73,2023-08-21,CUST073,3,36,108,Mi Instan,Indomie Goreng
74,2023-11-22,CUST074,4,58,232,Susu,Bear Brand
75,2023-07-06,CUST075,4,30,120,Minuman,Teh Botol
76,2023-03-25,CUST076,2,58,116,Susu,Bear Brand
77,2023-07-09,CUST077,2,38,76,Mi Instan,Mie Sedaap Soto
78,2023-07-01,CUST078,3,42,126,Kopi,Kapal Api
79,2023-04-18,CUST079,1,35,35,Sabun,Lifebuoy
80,2023-12-10,CUST080,2,60,120,Susu,Dancow
81,2023-05-17,CUST081,1,30,30,Minuman,Teh Botol
82,2023-12-26,CUST082,4,40,160,Kopi,Good Day
83,2023-12-16,CUST083,2,38,76,Mi Instan,Mie Sedaap Soto
84,2023-11-28,CUST084,3,55,165,Snack,Chitato
85,2023-02-06,CUST085,3,40,120,Kopi,Good Day
86,2023-11-08,CUST086,3,35,105,Sabun,Lifebuoy
87,2023-11-22,CUST087,2,30,60,Minuman,Teh Botol
88,2023-03-29,CUST088,1,34,34,Mi Instan,Sarimi Ayam
89,2023-10-01,CUST089,4,32,128,Sabun,Lux
90,2023-05-06,CUST090,1,40,40,Sabun,Dettol
91,2023-03-25,CUST091,1,50,50,Snack,Qtela
92,2023-08-25,CUST092,4,40,160,Sabun,Dettol
93,2023-07-14,CUST093,4,48,192,Minuman,Pocari Sweat
94,2023-05-19,CUST094,2,52,104,Susu,Ultra Milk
95,2023-11-24,CUST095,2,50,100,Snack,Qtela
96,2023-12-19,CUST096,2,52,104,Susu,Ultra Milk
97,2023-10-13,CUST097,2,52,104,Susu,Ultra Milk
98,2023-04-23,CUST098,2,48,96,Minuman,Pocari Sweat
99,2023-12-17,CUST099,4,38,152,Kopi,ABC Coffee
100,2023-06-16,CUST100,1,24,24,Minuman,Aqua 600ml
101,2023-01-29,CUST101,2,58,116,Susu,Bear Brand
102,2023-04-28,CUST102,2,35,70,Sabun,Lifebuoy
103,2023-01-17,CUST103,1,35,35,Sabun,Lifebuoy
104,2023-06-11,CUST104,2,60,120,Susu,Dancow
105,2023-07-25,CUST105,1,24,24,Minuman,Aqua 600ml
106,2023-05-18,CUST106,1,38,38,Kopi,ABC Coffee
107,2023-02-03,CUST107,4,38,152,Kopi,ABC Coffee
108,2023-04-19,CUST108,3,40,120,Sabun,Dettol
109,2023-10-18,CUST109,4,50,200,Snack,Qtela
110,2023-06-11,CUST110,3,38,114,Mi Instan,Mie Sedaap Soto
111,2023-04-19,CUST111,3,60,180,Susu,Dancow
112,2023-12-02,CUST112,3,35,105,Sabun,Lifebuoy
113,2023-09-13,CUST113,2,34,68,Mi Instan,Sarimi Ayam
114,2023-07-22,CUST114,4,30,120,Minuman,Teh Botol
115,2023-11-26,CUST115,3,40,120,Kopi,Good Day
116,2023-08-23,CUST116,1,58,58,Susu,Bear Brand
117,2023-03-15,CUST117,2,45,90,Snack,Taro
118,2023-05-16,CUST118,4,32,128,Sabun,Lux
119,2023-03-13,CUST119,3,24,72,Minuman,Aqua 600ml
120,2023-05-07,CUST120,1,38,38,Kopi,ABC Coffee
121,2023-10-15,CUST121,4,24,96,Minuman,Aqua 600ml
122,2023-10-03,CUST122,4,52,208,Susu,Ultra Milk
123,2023-05-15,CUST123,2,40,80,Sabun,Dettol
124,2023-10-27,CUST124,4,48,192,Minuman,Pocari Sweat
125,2023-08-08,CUST125,2,48,96,Minuman,Pocari Sweat
126,2023-10-26,CUST126,3,38,114,Mi Instan,Mie Sedaap Soto
127,2023-07-24,CUST127,2,38,76,Mi Instan,Mie Sedaap Soto
128,2023-07-05,CUST128,1,30,30,Minuman,Teh Botol
129,2023-04-23,CUST129,2,36,72,Mi Instan,Indomie Goreng
130,2023-03-12,CUST130,1,42,42,Kopi,Kapal Api
131,2023-09-18,CUST131,2,58,116,Susu,Bear Brand
132,2023-09-10,CUST132,4,52,208,Susu,Ultra Milk
133,2023-02-16,CUST133,3,38,114,Kopi,ABC Coffee
134,2023-01-25,CUST134,1,35,35,Sabun,Lifebuoy
135,2023-02-26,CUST135,2,55,110,Snack,Chitato
136,2023-03-20,CUST136,2,40,80,Kopi,Good Day
137,2023-11-18,CUST137,2,40,80,Sabun,Dettol
138,2023-03-23,CUST138,4,24,96,Minuman,Aqua 600ml
139,2023-12-15,CUST139,4,52,208,Susu,Ultra Milk
140,2023-08-05,CUST140,1,58,58,Susu,Bear Brand
141,2023-11-02,CUST141,1,58,58,Susu,Bear Brand
142,2023-02-02,CUST142,4,30,120,Minuman,Teh Botol
143,2023-07-17,CUST143,1,40,40,Kopi,Good Day
144,2023-07-15,CUST144,3,24,72,Minuman,Aqua 600ml
145,2023-11-02,CUST145,3,52,156,Susu,Ultra Milk
146,2023-08-28,CUST146,4,24,96,Minuman,Aqua 600ml
147,2023-09-28,CUST147,1,24,24,Minuman,Aqua 600ml
148,2023-05-09,CUST148,2,35,70,Sabun,Lifebuoy
149,2023-10-11,CUST149,3,58,174,Susu,Bear Brand
150,2023-01-06,CUST150,4,30,120,Minuman,Teh Botol
151,2023-12-15,CUST151,1,38,38,Kopi,ABC Coffee
152,2023-02-28,CUST152,4,38,152,Kopi,ABC Coffee
153,2023-12-16,CUST153,2,30,60,Minuman,Teh Botol
154,2023-10-02,CUST154,3,38,114,Kopi,ABC Coffee
155,2023-05-17,CUST155,4,58,232,Susu,Bear Brand
156,2023-11-25,CUST156,4,55,220,Snack,Chitato
157,2023-06-24,CUST157,4,34,136,Mi Instan,Sarimi Ayam
158,2023-02-27,CUST158,2,38,76,Kopi,ABC Coffee
159,2023-05-31,CUST159,4,30,120,Minuman,Teh Botol
160,2023-08-11,CUST160,2,40,80,Kopi,Good Day
161,2023-03-22,CUST161,2,24,48,Minuman,Aqua 600ml
162,2023-08-21,CUST162,2,40,80,Kopi,Good Day
163,2023-01-02,CUST163,3,50,150,Snack,Qtela
164,2023-05-15,CUST164,3,34,102,Mi Instan,Sarimi Ayam
165,2023-09-14,CUST165,4,60,240,Susu,Dancow
166,2023-04-02,CUST166,4,58,232,Susu,Bear Brand
167,2023-09-17,CUST167,3,52,156,Susu,Ultra Milk
168,2023-02-24,CUST168,1,45,45,Snack,Taro
169,2023-11-17,CUST169,3,42,126,Kopi,Kapal Api
170,2023-06-02,CUST170,2,36,72,Mi Instan,Indomie Goreng
171,2023-11-24,CUST171,3,34,102,Mi Instan,Sarimi Ayam
172,2023-09-17,CUST172,2,50,100,Snack,Qtela
173,2023-11-08,CUST173,4,24,96,Minuman,Aqua 600ml
174,2023-04-12,CUST174,1,40,40,Sabun,Dettol
175,2023-03-20,CUST175,4,55,220,Snack,Chitato
176,2023-07-11,CUST176,2,38,76,Kopi,ABC Coffee
177,2023-03-24,CUST177,2,42,84,Kopi,Kapal Api
178,2023-10-04,CUST178,2,38,76,Mi Instan,Mie Sedaap Soto
179,2023-09-29,CUST179,1,35,35,Sabun,Lifebuoy
180,2023-01-01,CUST180,3,40,120,Kopi,Good Day
181,2023-11-03,CUST181,4,40,160,Sabun,Dettol
182,2023-06-15,CUST182,4,50,200,Snack,Qtela
183,2023-09-08,CUST183,3,40,120,Kopi,Good Day
184,2023-01-10,CUST184,4,36,144,Mi Instan,Indomie Goreng
185,2023-02-27,CUST185,1,58,58,Susu,Bear Brand
186,2023-07-05,CUST186,4,50,200,Snack,Qtela
187,2023-06-07,CUST187,2,55,110,Snack,Chitato
188,2023-05-03,CUST188,3,38,114,Kopi,ABC Coffee
189,2023-01-30,CUST189,1,55,55,Snack,Chitato
190,2023-05-04,CUST190,3,38,114,Kopi,ABC Coffee
191,2023-10-18,CUST191,1,42,42,Kopi,Kapal Api
192,2023-02-10,CUST192,2,52,104,Susu,Ultra Milk
193,2023-02-13,CUST193,3,42,126,Kopi,Kapal Api
194,2023-09-06,CUST194,4,55,220,Snack,Chitato
195,2023-02-05,CUST195,1,45,45,Snack,Taro
196,2023-09-30,CUST196,3,38,114,Kopi,ABC Coffee
197,2023-03-06,CUST197,4,60,240,Susu,Dancow
198,2023-03-07,CUST198,3,35,105,Sabun,Lifebuoy
199,2023-12-04,CUST199,3,34,102,Mi Instan,Sarimi Ayam
200,2023-09-01,CUST200,3,35,105,Sabun,Lifebuoy
201,2023-10-09,CUST201,1,30,30,Minuman,Teh Botol
202,2023-03-26,CUST202,4,38,152,Mi Instan,Mie Sedaap Soto
203,2023-05-16,CUST203,2,38,76,Mi Instan,Mie Sedaap Soto
204,2023-09-28,CUST204,1,52,52,Susu,Ultra Milk
205,2023-11-07,CUST205,1,60,60,Susu,Dancow
206,2023-08-05,CUST206,1,60,60,Susu,Dancow
207,2023-04-19,CUST207,2,36,72,Mi Instan,Indomie Goreng
208,2023-10-04,CUST208,4,55,220,Snack,Chitato
209,2023-12-20,CUST209,4,40,160,Sabun,Dettol
210,2023-04-13,CUST210,4,40,160,Sabun,Dettol
211,2024-01-01,CUST211,3,40,120,Sabun,Dettol
212,2023-06-09,CUST212,3,42,126,Kopi,Kapal Api
213,2023-07-24,CUST213,3,42,126,Kopi,Kapal Api
214,2023-12-10,CUST214,2,50,100,Snack,Qtela
215,2023-11-29,CUST215,3,58,174,Susu,Bear Brand
216,2023-07-11,CUST216,2,36,72,Mi Instan,Indomie Goreng
217,2023-08-13,CUST217,4,40,160,Sabun,Dettol
218,2023-09-22,CUST218,3,45,135,Snack,Taro
219,2023-08-20,CUST219,3,34,102,Mi Instan,Sarimi Ayam
220,2023-03-03,CUST220,1,55,55,Snack,Chitato
221,2023-05-07,CUST221,2,38,76,Kopi,ABC Coffee
222,2023-04-26,CUST222,4,50,200,Snack,Qtela
223,2023-02-02,CUST223,1,60,60,Susu,Dancow
224,2023-06-23,CUST224,1,55,55,Snack,Chitato
225,2023-01-11,CUST225,4,52,208,Susu,Ultra Milk
226,2023-10-29,CUST226,1,24,24,Minuman,Aqua 600ml
227,2023-10-11,CUST227,2,40,80,Sabun,Dettol
228,2023-04-28,CUST228,2,24,48,Minuman,Aqua 600ml
229,2023-10-29,CUST229,3,34,102,Mi Instan,Sarimi Ayam
230,2023-04-23,CUST230,1,50,50,Snack,Qtela
231,2023-01-04,CUST231,3,60,180,Susu,Dancow
232,2023-02-06,CUST232,1,38,38,Kopi,ABC Coffee
233,2023-12-29,CUST233,2,58,116,Susu,Bear Brand
234,2023-11-20,CUST234,2,40,80,Sabun,Dettol
235,2023-01-31,CUST235,2,58,116,Susu,Bear Brand
236,2023-04-28,CUST236,1,58,58,Susu,Bear Brand
237,2023-02-04,CUST237,2,60,120,Susu,Dancow
238,2023-01-17,CUST238,1,40,40,Sabun,Dettol
239,2023-06-19,CUST239,3,58,174,Susu,Bear Brand
240,2023-02-06,CUST240,1,24,24,Minuman,Aqua 600ml
241,2023-09-21,CUST241,3,60,180,Susu,Dancow
242,2023-05-02,CUST242,1,35,35,Sabun,Lifebuoy
243,2023-05-23,CUST243,3,38,114,Mi Instan,Mie Sedaap Soto
244,2023-12-09,CUST244,2,45,90,Snack,Taro
245,2023-09-06,CUST245,3,58,174,Susu,Bear Brand
246,2023-04-20,CUST246,2,32,64,Sabun,Lux
247,2023-10-04,CUST247,2,36,72,Mi Instan,Indomie Goreng
248,2023-03-09,CUST248,3,35,105,Sabun,Lifebuoy
249,2023-10-20,CUST249,1,32,32,Sabun,Lux
250,2023-10-23,CUST250,1,30,30,Minuman,Teh Botol
251,2023-08-31,CUST251,4,55,220,Snack,Chitato
252,2023-05-05,CUST252,1,50,50,Snack,Qtela
253,2023-08-31,CUST253,4,38,152,Mi Instan,Mie Sedaap Soto
254,2023-07-28,CUST254,1,36,36,Mi Instan,Indomie Goreng
255,2023-04-08,CUST255,1,60,60,Susu,Dancow
256,2023-02-18,CUST256,2,24,48,Minuman,Aqua 600ml
257,2023-02-19,CUST257,4,38,152,Mi Instan,Mie Sedaap Soto
258,2023-12-04,CUST258,1,36,36,Mi Instan,Indomie Goreng
259,2023-08-09,CUST259,4,45,180,Snack,Taro
260,2023-07-01,CUST260,2,60,120,Susu,Dancow
261,2023-08-05,CUST261,2,50,100,Snack,Qtela
262,2023-07-30,CUST262,4,52,208,Susu,Ultra Milk
263,2023-08-28,CUST263,2,52,104,Susu,Ultra Milk
264,2023-01-28,CUST264,3,58,174,Susu,Bear Brand
265,2023-12-11,CUST265,3,32,96,Sabun,Lux
266,2023-12-01,CUST266,2,60,120,Susu,Dancow
267,2023-11-27,CUST267,3,24,72,Minuman,Aqua 600ml
268,2023-02-20,CUST268,1,55,55,Snack,Chitato
269,2023-02-01,CUST269,4,60,240,Susu,Dancow
270,2023-07-26,CUST270,1,34,34,Mi Instan,Sarimi Ayam
271,2023-06-23,CUST271,4,32,128,Sabun,Lux
272,2023-02-25,CUST272,2,48,96,Minuman,Pocari Sweat
273,2023-05-08,CUST273,1,48,48,Minuman,Pocari Sweat
274,2023-04-09,CUST274,2,36,72,Mi Instan,Indomie Goreng
275,2023-04-08,CUST275,2,52,104,Susu,Ultra Milk
276,2023-10-02,CUST276,4,34,136,Mi Instan,Sarimi Ayam
277,2023-08-18,CUST277,4,35,140,Sabun,Lifebuoy
278,2023-03-13,CUST278,4,24,96,Minuman,Aqua 600ml
279,2023-08-05,CUST279,1,52,52,Susu,Ultra Milk
280,2023-04-04,CUST280,3,38,114,Kopi,ABC Coffee
281,2023-05-23,CUST281,4,40,160,Kopi,Good Day
282,2023-08-25,CUST282,4,50,200,Snack,Qtela
283,2023-05-08,CUST283,1,32,32,Sabun,Lux
284,2023-02-08,CUST284,4,58,232,Susu,Bear Brand
285,2023-08-15,CUST285,1,50,50,Snack,Qtela
286,2023-10-09,CUST286,2,32,64,Sabun,Lux
287,2023-02-20,CUST287,4,35,140,Sabun,Lifebuoy
288,2023-01-26,CUST288,4,34,136,Mi Instan,Sarimi Ayam
289,2023-11-30,CUST289,2,36,72,Mi Instan,Indomie Goreng
290,2023-10-04,CUST290,2,40,80,Sabun,Dettol
291,2023-01-08,CUST291,2,60,120,Susu,Dancow
292,2023-02-17,CUST292,4,58,232,Susu,Bear Brand
293,2023-05-02,CUST293,3,60,180,Susu,Dancow
294,2023-03-27,CUST294,3,48,144,Minuman,Pocari Sweat
295,2023-07-28,CUST295,3,55,165,Snack,Chitato
296,2023-09-06,CUST296,4,38,152,Mi Instan,Mie Sedaap Soto
297,2023-09-04,CUST297,2,55,110,Snack,Chitato
298,2023-04-20,CUST298,4,58,232,Susu,Bear Brand
299,2023-07-25,CUST299,2,55,110,Snack,Chitato
300,2023-01-31,CUST300,4,38,152,Kopi,ABC Coffee
301,2023-03-26,CUST301,4,40,160,Sabun,Dettol
302,2023-07-14,CUST302,2,34,68,Mi Instan,Sarimi Ayam
303,2023-01-02,CUST303,3,52,156,Susu,Ultra Milk
304,2023-07-19,CUST304,2,48,96,Minuman,Pocari Sweat
305,2023-05-16,CUST305,1,38,38,Kopi,ABC Coffee
306,2023-08-21,CUST306,1,45,45,Snack,Taro
307,2023-05-27,CUST307,2,32,64,Sabun,Lux
308,2023-08-05,CUST308,4,38,152,Kopi,ABC Coffee
309,2023-12-23,CUST309,1,45,45,Snack,Taro
310,2023-10-12,CUST310,1,50,50,Snack,Qtela
311,2023-12-05,CUST311,4,30,120,Minuman,Teh Botol
312,2023-09-07,CUST312,4,38,152,Mi Instan,Mie Sedaap Soto
313,2023-03-21,CUST313,3,52,156,Susu,Ultra Milk
314,2023-04-08,CUST314,4,35,140,Sabun,Lifebuoy
315,2023-06-01,CUST315,2,24,48,Minuman,Aqua 600ml
316,2023-04-22,CUST316,2,35,70,Sabun,Lifebuoy
317,2023-01-30,CUST317,3,36,108,Mi Instan,Indomie Goreng
318,2023-10-24,CUST318,1,45,45,Snack,Taro
319,2023-10-05,CUST319,1,60,60,Susu,Dancow
320,2023-02-01,CUST320,4,35,140,Sabun,Lifebuoy
321,2023-06-10,CUST321,2,38,76,Kopi,ABC Coffee
322,2023-01-30,CUST322,1,35,35,Sabun,Lifebuoy
323,2023-01-26,CUST323,3,52,156,Susu,Ultra Milk
324,2023-10-27,CUST324,3,40,120,Kopi,Good Day
325,2023-09-02,CUST325,2,32,64,Sabun,Lux
326,2023-09-15,CUST326,3,45,135,Snack,Taro
327,2023-09-29,CUST327,3,34,102,Mi Instan,Sarimi Ayam
328,2023-03-22,CUST328,2,34,68,Mi Instan,Sarimi Ayam
329,2023-01-30,CUST329,4,38,152,Kopi,ABC Coffee
330,2023-09-18,CUST330,4,50,200,Snack,Qtela
331,2023-02-11,CUST331,3,24,72,Minuman,Aqua 600ml
332,2023-04-06,CUST332,4,55,220,Snack,Chitato
333,2023-02-05,CUST333,4,38,152,Mi Instan,Mie Sedaap Soto
334,2023-11-01,CUST334,3,50,150,Snack,Qtela
335,2023-02-04,CUST335,4,45,180,Snack,Taro
336,2023-12-12,CUST336,3,45,135,Snack,Taro
337,2023-05-01,CUST337,1,32,32,Sabun,Lux
338,2023-07-26,CUST338,2,52,104,Susu,Ultra Milk
339,2023-03-03,CUST339,2,35,70,Sabun,Lifebuoy
340,2023-10-19,CUST340,4,42,168,Kopi,Kapal Api
341,2023-05-07,CUST341,4,24,96,Minuman,Aqua 600ml
342,2023-10-24,CUST342,4,34,136,Mi Instan,Sarimi Ayam
343,2023-11-01,CUST343,2,58,116,Susu,Bear Brand
344,2023-01-21,CUST344,1,38,38,Mi Instan,Mie Sedaap Soto
345,2023-11-14,CUST345,1,24,24,Minuman,Aqua 600ml
346,2023-02-11,CUST346,2,30,60,Minuman,Teh Botol
347,2023-08-03,CUST347,1,58,58,Susu,Bear Brand
348,2023-12-03,CUST348,2,50,100,Snack,Qtela
349,2023-10-26,CUST349,1,35,35,Sabun,Lifebuoy
350,2023-10-17,CUST350,3,34,102,Mi Instan,Sarimi Ayam
351,2023-09-25,CUST351,3,58,174,Susu,Bear Brand
352,2023-06-11,CUST352,2,32,64,Sabun,Lux
353,2023-05-14,CUST353,1,55,55,Snack,Chitato
354,2023-04-15,CUST354,4,34,136,Mi Instan,Sarimi Ayam
355,2023-12-09,CUST355,1,24,24,Minuman,Aqua 600ml
356,2023-06-10,CUST356,3,40,120,Kopi,Good Day
357,2023-05-03,CUST357,3,24,72,Minuman,Aqua 600ml
358,2023-05-16,CUST358,1,34,34,Mi Instan,Sarimi Ayam
359,2023-07-22,CUST359,1,55,55,Snack,Chitato
360,2023-03-09,CUST360,4,40,160,Kopi,Good Day
361,2023-12-10,CUST361,4,60,240,Susu,Dancow
362,2023-11-27,CUST362,1,40,40,Sabun,Dettol
363,2023-06-03,CUST363,1,60,60,Susu,Dancow
364,2023-08-23,CUST364,1,34,34,Mi Instan,Sarimi Ayam
365,2023-06-11,CUST365,1,52,52,Susu,Ultra Milk
366,2023-02-07,CUST366,2,24,48,Minuman,Aqua 600ml
367,2023-01-05,CUST367,1,60,60,Susu,Dancow
368,2023-08-23,CUST368,4,38,152,Kopi,ABC Coffee
369,2023-11-15,CUST369,3,55,165,Snack,Chitato
370,2023-10-16,CUST370,2,48,96,Minuman,Pocari Sweat
371,2023-02-21,CUST371,1,30,30,Minuman,Teh Botol
372,2023-02-07,CUST372,3,50,150,Snack,Qtela
373,2023-10-03,CUST373,2,48,96,Minuman,Pocari Sweat
374,2023-04-20,CUST374,3,50,150,Snack,Qtela
375,2023-09-17,CUST375,1,55,55,Snack,Chitato
376,2023-05-16,CUST376,1,34,34,Mi Instan,Sarimi Ayam
377,2023-03-09,CUST377,4,40,160,Sabun,Dettol
378,2023-06-28,CUST378,1,40,40,Sabun,Dettol
379,2023-02-05,CUST379,1,36,36,Mi Instan,Indomie Goreng
380,2023-05-06,CUST380,2,36,72,Mi Instan,Indomie Goreng
381,2023-07-09,CUST381,4,38,152,Kopi,ABC Coffee
382,2023-05-26,CUST382,2,34,68,Mi Instan,Sarimi Ayam
383,2023-03-22,CUST383,3,55,165,Snack,Chitato
384,2023-08-13,CUST384,1,36,36,Mi Instan,Indomie Goreng
385,2023-10-06,CUST385,3,30,90,Minuman,Teh Botol
386,2023-12-27,CUST386,2,34,68,Mi Instan,Sarimi Ayam
387,2023-06-04,CUST387,1,38,38,Kopi,ABC Coffee
388,2023-11-10,CUST388,1,40,40,Kopi,Good Day
389,2023-12-01,CUST389,2,42,84,Kopi,Kapal Api
390,2023-09-28,CUST390,2,38,76,Mi Instan,Mie Sedaap Soto
391,2023-01-05,CUST391,2,52,104,Susu,Ultra Milk
392,2023-12-08,CUST392,2,35,70,Sabun,Lifebuoy
393,2023-10-11,CUST393,2,38,76,Kopi,ABC Coffee
394,2023-06-03,CUST394,1,50,50,Snack,Qtela
395,2023-12-06,CUST395,2,24,48,Minuman,Aqua 600ml
396,2023-02-23,CUST396,1,55,55,Snack,Chitato
397,2023-03-10,CUST397,1,24,24,Minuman,Aqua 600ml
398,2023-05-16,CUST398,2,60,120,Susu,Dancow
399,2023-03-01,CUST399,2,36,72,Mi Instan,Indomie Goreng
400,2023-02-24,CUST400,4,38,152,Kopi,ABC Coffee
401,2023-10-11,CUST401,1,38,38,Kopi,ABC Coffee
402,2023-03-21,CUST402,2,30,60,Minuman,Teh Botol
403,2023-05-20,CUST403,2,48,96,Minuman,Pocari Sweat
404,2023-05-25,CUST404,2,36,72,Mi Instan,Indomie Goreng
405,2023-11-06,CUST405,4,40,160,Sabun,Dettol
406,2023-04-18,CUST406,4,40,160,Sabun,Dettol
407,2023-06-25,CUST407,3,40,120,Sabun,Dettol
408,2023-04-15,CUST408,1,58,58,Susu,Bear Brand
409,2023-12-18,CUST409,3,52,156,Susu,Ultra Milk
410,2023-11-21,CUST410,2,32,64,Sabun,Lux
411,2023-05-16,CUST411,4,35,140,Sabun,Lifebuoy
412,2023-09-16,CUST412,4,30,120,Minuman,Teh Botol
413,2023-09-08,CUST413,3,36,108,Mi Instan,Indomie Goreng
414,2023-05-09,CUST414,4,38,152,Kopi,ABC Coffee
415,2023-01-27,CUST415,2,38,76,Mi Instan,Mie Sedaap Soto
416,2023-02-17,CUST416,4,58,232,Susu,Bear Brand
417,2023-11-21,CUST417,3,32,96,Sabun,Lux
418,2023-08-05,CUST418,2,52,104,Susu,Ultra Milk
419,2023-05-22,CUST419,3,38,114,Kopi,ABC Coffee
420,2023-01-23,CUST420,4,30,120,Minuman,Teh Botol
421,2023-01-02,CUST421,3,42,126,Kopi,Kapal Api
422,2023-06-20,CUST422,3,48,144,Minuman,Pocari Sweat
423,2023-03-08,CUST423,1,32,32,Sabun,Lux
424,2023-11-23,CUST424,4,42,168,Kopi,Kapal Api
425,2023-05-15,CUST425,4,50,200,Snack,Qtela
426,2023-03-24,CUST426,3,45,135,Snack,Taro
427,2023-08-15,CUST427,1,50,50,Snack,Qtela
428,2023-10-10,CUST428,4,55,220,Snack,Chitato
429,2023-12-28,CUST429,2,38,76,Kopi,ABC Coffee
430,2023-08-07,CUST430,3,35,105,Sabun,Lifebuoy
431,2023-10-15,CUST431,4,45,180,Snack,Taro
432,2023-01-05,CUST432,2,50,100,Snack,Qtela
433,2023-02-27,CUST433,4,52,208,Susu,Ultra Milk
434,2023-02-08,CUST434,2,36,72,Mi Instan,Indomie Goreng
435,2023-12-20,CUST435,3,48,144,Minuman,Pocari Sweat
436,2023-03-18,CUST436,4,58,232,Susu,Bear Brand
437,2023-10-07,CUST437,4,24,96,Minuman,Aqua 600ml
438,2023-01-19,CUST438,1,40,40,Kopi,Good Day
439,2023-07-09,CUST439,3,42,126,Kopi,Kapal Api
440,2023-10-26,CUST440,2,45,90,Snack,Taro
441,2023-10-10,CUST441,4,38,152,Mi Instan,Mie Sedaap Soto
442,2023-03-17,CUST442,4,34,136,Mi Instan,Sarimi Ayam
443,2023-08-09,CUST443,2,40,80,Sabun,Dettol
444,2023-03-07,CUST444,3,35,105,Sabun,Lifebuoy
445,2023-01-22,CUST445,1,38,38,Kopi,ABC Coffee
446,2023-06-07,CUST446,1,36,36,Mi Instan,Indomie Goreng
447,2023-07-06,CUST447,4,50,200,Snack,Qtela
448,2023-01-21,CUST448,2,40,80,Kopi,Good Day
449,2023-07-03,CUST449,4,32,128,Sabun,Lux
450,2023-04-18,CUST450,2,34,68,Mi Instan,Sarimi Ayam
451,2023-12-16,CUST451,1,60,60,Susu,Dancow
452,2023-05-08,CUST452,3,60,180,Susu,Dancow
453,2023-12-08,CUST453,2,40,80,Sabun,Dettol
454,2023-02-22,CUST454,1,38,38,Mi Instan,Mie Sedaap Soto
455,2023-07-01,CUST455,4,45,180,Snack,Taro
456,2023-10-14,CUST456,2,34,68,Mi Instan,Sarimi Ayam
457,2023-07-28,CUST457,3,60,180,Susu,Dancow
458,2023-11-14,CUST458,4,38,152,Mi Instan,Mie Sedaap Soto
459,2023-03-21,CUST459,4,34,136,Mi Instan,Sarimi Ayam
460,2023-05-02,CUST460,1,48,48,Minuman,Pocari Sweat
461,2023-03-25,CUST461,2,32,64,Sabun,Lux
462,2023-04-01,CUST462,4,38,152,Kopi,ABC Coffee
463,2023-07-31,CUST463,3,38,114,Mi Instan,Mie Sedaap Soto
464,2023-01-13,CUST464,2,32,64,Sabun,Lux
465,2023-04-02,CUST465,3,58,174,Susu,Bear Brand
466,2023-06-20,CUST466,4,48,192,Minuman,Pocari Sweat
467,2023-07-30,CUST467,3,52,156,Susu,Ultra Milk
468,2023-12-09,CUST468,1,40,40,Sabun,Dettol
469,2023-05-08,CUST469,3,52,156,Susu,Ultra Milk
470,2023-05-17,CUST470,2,58,116,Susu,Bear Brand
471,2023-03-23,CUST471,3,24,72,Minuman,Aqua 600ml
472,2023-12-26,CUST472,3,36,108,Mi Instan,Indomie Goreng
473,2023-02-25,CUST473,1,45,45,Snack,Taro
474,2023-07-15,CUST474,3,35,105,Sabun,Lifebuoy
475,2023-01-20,CUST475,3,45,135,Snack,Taro
476,2023-08-29,CUST476,4,45,180,Snack,Taro
477,2023-04-24,CUST477,4,48,192,Minuman,Pocari Sweat
478,2023-04-13,CUST478,2,50,100,Snack,Qtela
479,2023-08-24,CUST479,4,60,240,Susu,Dancow
480,2023-06-29,CUST480,4,38,152,Kopi,ABC Coffee
481,2023-06-06,CUST481,4,30,120,Minuman,Teh Botol
482,2023-04-27,CUST482,4,40,160,Sabun,Dettol
483,2023-04-25,CUST483,1,36,36,Mi Instan,Indomie Goreng
484,2023-01-13,CUST484,4,38,152,Mi Instan,Mie Sedaap Soto
485,2023-12-04,CUST485,1,40,40,Sabun,Dettol
486,2023-04-09,CUST486,1,60,60,Susu,Dancow
487,2023-07-24,CUST487,4,42,168,Kopi,Kapal Api
488,2023-06-18,CUST488,3,36,108,Mi Instan,Indomie Goreng
489,2023-05-23,CUST489,1,36,36,Mi Instan,Indomie Goreng
490,2023-02-05,CUST490,3,50,150,Snack,Qtela
491,2023-05-23,CUST491,3,52,156,Susu,Ultra Milk
492,2023-06-29,CUST492,4,40,160,Kopi,Good Day
493,2023-11-25,CUST493,2,38,76,Kopi,ABC Coffee
494,2023-09-18,CUST494,4,60,240,Susu,Dancow
495,2023-07-24,CUST495,2,55,110,Snack,Chitato
496,2023-12-14,CUST496,2,60,120,Susu,Dancow
497,2023-10-02,CUST497,4,48,192,Minuman,Pocari Sweat
498,2023-06-19,CUST498,4,40,160,Sabun,Dettol
499,2023-01-15,CUST499,2,48,96,Minuman,Pocari Sweat
500,2023-03-01,CUST500,4,40,160,Sabun,Dettol
501,2023-05-14,CUST501,2,50,100,Snack,Qtela
502,2023-04-02,CUST502,3,32,96,Sabun,Lux
503,2023-10-25,CUST503,4,45,180,Snack,Taro
504,2023-05-16,CUST504,3,36,108,Mi Instan,Indomie Goreng
505,2023-01-20,CUST505,1,35,35,Sabun,Lifebuoy
506,2023-02-25,CUST506,3,36,108,Mi Instan,Indomie Goreng
507,2023-11-02,CUST507,3,30,90,Minuman,Teh Botol
508,2023-08-11,CUST508,2,58,116,Susu,Bear Brand
509,2023-06-26,CUST509,3,55,165,Snack,Chitato
510,2023-06-10,CUST510,4,55,220,Snack,Chitato
511,2023-08-12,CUST511,2,38,76,Mi Instan,Mie Sedaap Soto
512,2023-11-07,CUST512,1,36,36,Mi Instan,Indomie Goreng
513,2023-09-19,CUST513,4,50,200,Snack,Qtela
514,2023-03-01,CUST514,1,55,55,Snack,Chitato
515,2023-07-17,CUST515,3,42,126,Kopi,Kapal Api
516,2023-10-23,CUST516,4,45,180,Snack,Taro
517,2023-04-08,CUST517,4,45,180,Snack,Taro
518,2023-05-11,CUST518,1,52,52,Susu,Ultra Milk
519,2023-01-23,CUST519,4,45,180,Snack,Taro
520,2023-12-29,CUST520,4,50,200,Snack,Qtela
521,2023-08-12,CUST521,4,50,200,Snack,Qtela
522,2023-01-01,CUST522,3,32,96,Sabun,Lux
523,2023-09-24,CUST523,1,42,42,Kopi,Kapal Api
524,2023-10-03,CUST524,4,38,152,Mi Instan,Mie Sedaap Soto
525,2023-12-18,CUST525,2,38,76,Mi Instan,Mie Sedaap Soto
526,2023-12-10,CUST526,2,24,48,Minuman,Aqua 600ml
527,2023-04-11,CUST527,2,58,116,Susu,Bear Brand
528,2023-07-06,CUST528,2,45,90,Snack,Taro
529,2023-08-09,CUST529,3,36,108,Mi Instan,Indomie Goreng
530,2023-02-05,CUST530,4,36,144,Mi Instan,Indomie Goreng
531,2023-12-07,CUST531,1,30,30,Minuman,Teh Botol
532,2023-06-19,CUST532,4,50,200,Snack,Qtela
533,2023-11-16,CUST533,3,34,102,Mi Instan,Sarimi Ayam
534,2023-06-10,CUST534,2,34,68,Mi Instan,Sarimi Ayam
535,2023-12-06,CUST535,3,34,102,Mi Instan,Sarimi Ayam
536,2023-03-05,CUST536,4,40,160,Kopi,Good Day
537,2023-06-03,CUST537,1,45,45,Snack,Taro
538,2023-09-17,CUST538,3,40,120,Sabun,Dettol
539,2023-06-08,CUST539,1,45,45,Snack,Taro
540,2023-12-08,CUST540,3,52,156,Susu,Ultra Milk
541,2023-07-29,CUST541,1,58,58,Susu,Bear Brand
542,2023-06-17,CUST542,1,48,48,Minuman,Pocari Sweat
543,2023-07-26,CUST543,2,52,104,Susu,Ultra Milk
544,2023-12-23,CUST544,1,34,34,Mi Instan,Sarimi Ayam
545,2023-06-01,CUST545,2,24,48,Minuman,Aqua 600ml
546,2023-10-11,CUST546,4,32,128,Sabun,Lux
547,2023-03-07,CUST547,4,40,160,Sabun,Dettol
548,2023-04-09,CUST548,2,40,80,Kopi,Good Day
549,2023-08-04,CUST549,2,24,48,Minuman,Aqua 600ml
550,2023-12-07,CUST550,3,40,120,Kopi,Good Day
551,2023-07-14,CUST551,3,35,105,Sabun,Lifebuoy
552,2023-12-13,CUST552,3,24,72,Minuman,Aqua 600ml
553,2023-03-31,CUST553,4,24,96,Minuman,Aqua 600ml
554,2023-11-12,CUST554,3,24,72,Minuman,Aqua 600ml
555,2023-10-19,CUST555,1,55,55,Snack,Chitato
556,2023-06-04,CUST556,1,32,32,Sabun,Lux
557,2023-07-27,CUST557,3,52,156,Susu,Ultra Milk
558,2023-10-08,CUST558,1,32,32,Sabun,Lux
559,2023-01-01,CUST559,4,38,152,Kopi,ABC Coffee
560,2023-06-05,CUST560,1,60,60,Susu,Dancow
561,2023-05-27,CUST561,4,58,232,Susu,Bear Brand
562,2023-04-18,CUST562,2,40,80,Kopi,Good Day
563,2023-08-09,CUST563,2,50,100,Snack,Qtela
564,2023-10-24,CUST564,2,55,110,Snack,Chitato
565,2023-11-07,CUST565,2,58,116,Susu,Bear Brand
566,2023-12-02,CUST566,1,35,35,Sabun,Lifebuoy
567,2023-06-14,CUST567,3,42,126,Kopi,Kapal Api
568,2023-08-27,CUST568,1,42,42,Kopi,Kapal Api
569,2023-08-15,CUST569,4,30,120,Minuman,Teh Botol
570,2023-08-15,CUST570,1,38,38,Kopi,ABC Coffee
571,2023-12-12,CUST571,1,50,50,Snack,Qtela
572,2023-04-20,CUST572,4,42,168,Kopi,Kapal Api
573,2023-09-19,CUST573,2,48,96,Minuman,Pocari Sweat
574,2023-08-31,CUST574,2,35,70,Sabun,Lifebuoy
575,2023-03-28,CUST575,2,24,48,Minuman,Aqua 600ml
576,2023-12-04,CUST576,3,42,126,Kopi,Kapal Api
577,2023-02-13,CUST577,4,48,192,Minuman,Pocari Sweat
578,2023-05-26,CUST578,4,50,200,Snack,Qtela
579,2023-09-21,CUST579,1,55,55,Snack,Chitato
580,2023-12-06,CUST580,3,36,108,Mi Instan,Indomie Goreng
581,2023-11-21,CUST581,2,36,72,Mi Instan,Indomie Goreng
582,2023-11-14,CUST582,3,48,144,Minuman,Pocari Sweat
583,2023-06-21,CUST583,4,24,96,Minuman,Aqua 600ml
584,2023-02-17,CUST584,4,60,240,Susu,Dancow
585,2023-05-01,CUST585,1,45,45,Snack,Taro
586,2023-12-11,CUST586,1,40,40,Kopi,Good Day
587,2023-06-08,CUST587,4,36,144,Mi Instan,Indomie Goreng
588,2023-04-26,CUST588,2,30,60,Minuman,Teh Botol
589,2023-04-12,CUST589,2,40,80,Kopi,Good Day
590,2023-03-17,CUST590,3,30,90,Minuman,Teh Botol
591,2023-01-13,CUST591,4,38,152,Kopi,ABC Coffee
592,2023-01-24,CUST592,4,34,136,Mi Instan,Sarimi Ayam
593,2023-05-06,CUST593,2,40,80,Kopi,Good Day
594,2023-09-01,CUST594,2,40,80,Kopi,Good Day
595,2023-11-09,CUST595,4,32,128,Sabun,Lux
596,2023-02-07,CUST596,1,36,36,Mi Instan,Indomie Goreng
597,2023-08-22,CUST597,4,34,136,Mi Instan,Sarimi Ayam
598,2023-08-01,CUST598,4,48,192,Minuman,Pocari Sweat
599,2023-11-19,CUST599,2,34,68,Mi Instan,Sarimi Ayam
600,2023-10-22,CUST600,2,40,80,Sabun,Dettol
601,2023-04-10,CUST601,1,40,40,Kopi,Good Day
602,2023-12-23,CUST602,1,48,48,Minuman,Pocari Sweat
603,2023-07-16,CUST603,3,40,120,Kopi,Good Day
604,2023-09-11,CUST604,4,48,192,Minuman,Pocari Sweat
605,2023-07-24,CUST605,2,45,90,Snack,Taro
606,2023-05-05,CUST606,1,40,40,Sabun,Dettol
607,2023-03-17,CUST607,3,38,114,Kopi,ABC Coffee
608,2023-12-02,CUST608,3,38,114,Mi Instan,Mie Sedaap Soto
609,2023-12-19,CUST609,2,38,76,Kopi,ABC Coffee
610,2023-01-03,CUST610,2,60,120,Susu,Dancow
611,2023-02-24,CUST611,3,50,150,Snack,Qtela
612,2023-08-06,CUST612,1,50,50,Snack,Qtela
613,2023-04-23,CUST613,3,35,105,Sabun,Lifebuoy
614,2023-04-01,CUST614,4,34,136,Mi Instan,Sarimi Ayam
615,2023-12-23,CUST615,4,36,144,Mi Instan,Indomie Goreng
616,2023-09-23,CUST616,2,40,80,Kopi,Good Day
617,2023-08-26,CUST617,1,60,60,Susu,Dancow
618,2023-01-26,CUST618,1,24,24,Minuman,Aqua 600ml
619,2023-10-13,CUST619,4,45,180,Snack,Taro
620,2023-05-08,CUST620,3,48,144,Minuman,Pocari Sweat
621,2023-03-04,CUST621,2,40,80,Kopi,Good Day
622,2023-08-22,CUST622,3,35,105,Sabun,Lifebuoy
623,2023-03-10,CUST623,3,36,108,Mi Instan,Indomie Goreng
624,2023-08-26,CUST624,3,60,180,Susu,Dancow
625,2023-12-08,CUST625,1,38,38,Mi Instan,Mie Sedaap Soto
626,2023-09-29,CUST626,4,40,160,Kopi,Good Day
627,2023-10-14,CUST627,1,35,35,Sabun,Lifebuoy
628,2023-11-01,CUST628,4,35,140,Sabun,Lifebuoy
629,2023-06-12,CUST629,2,48,96,Minuman,Pocari Sweat
630,2023-08-15,CUST630,2,32,64,Sabun,Lux
631,2023-11-10,CUST631,3,60,180,Susu,Dancow
632,2023-09-16,CUST632,4,50,200,Snack,Qtela
633,2023-08-07,CUST633,4,50,200,Snack,Qtela
634,2023-10-08,CUST634,4,36,144,Mi Instan,Indomie Goreng
635,2023-08-17,CUST635,3,58,174,Susu,Bear Brand
636,2023-03-23,CUST636,3,38,114,Mi Instan,Mie Sedaap Soto
637,2023-09-01,CUST637,2,38,76,Kopi,ABC Coffee
638,2023-08-19,CUST638,1,40,40,Kopi,Good Day
639,2023-05-13,CUST639,4,36,144,Mi Instan,Indomie Goreng
640,2023-05-07,CUST640,4,58,232,Susu,Bear Brand
641,2023-11-23,CUST641,1,60,60,Susu,Dancow
642,2023-05-22,CUST642,4,40,160,Kopi,Good Day
643,2023-09-24,CUST643,3,42,126,Kopi,Kapal Api
644,2023-09-06,CUST644,3,38,114,Kopi,ABC Coffee
645,2023-11-17,CUST645,4,48,192,Minuman,Pocari Sweat
646,2023-05-03,CUST646,3,58,174,Susu,Bear Brand
647,2023-05-21,CUST647,3,52,156,Susu,Ultra Milk
648,2023-08-14,CUST648,4,38,152,Mi Instan,Mie Sedaap Soto
649,2023-02-09,CUST649,2,24,48,Minuman,Aqua 600ml
650,2024-01-01,CUST650,1,32,32,Sabun,Lux
651,2023-05-27,CUST651,3,60,180,Susu,Dancow
652,2023-05-01,CUST652,2,40,80,Kopi,Good Day
653,2023-05-20,CUST653,3,48,144,Minuman,Pocari Sweat
654,2023-06-21,CUST654,3,58,174,Susu,Bear Brand
655,2023-06-13,CUST655,1,48,48,Minuman,Pocari Sweat
656,2023-10-04,CUST656,3,55,165,Snack,Chitato
657,2023-02-11,CUST657,1,60,60,Susu,Dancow
658,2023-03-12,CUST658,1,36,36,Mi Instan,Indomie Goreng
659,2023-03-19,CUST659,1,38,38,Kopi,ABC Coffee
660,2023-04-29,CUST660,2,24,48,Minuman,Aqua 600ml
661,2023-07-16,CUST661,4,38,152,Kopi,ABC Coffee
662,2023-12-22,CUST662,2,32,64,Sabun,Lux
663,2023-03-20,CUST663,4,50,200,Snack,Qtela
664,2023-12-28,CUST664,4,52,208,Susu,Ultra Milk
665,2023-04-20,CUST665,1,40,40,Sabun,Dettol
666,2023-02-02,CUST666,3,48,144,Minuman,Pocari Sweat
667,2023-08-01,CUST667,1,58,58,Susu,Bear Brand
668,2023-07-28,CUST668,3,24,72,Minuman,Aqua 600ml
669,2023-06-19,CUST669,4,60,240,Susu,Dancow
670,2023-10-05,CUST670,1,52,52,Susu,Ultra Milk
671,2023-08-27,CUST671,3,38,114,Kopi,ABC Coffee
672,2023-08-01,CUST672,2,35,70,Sabun,Lifebuoy
673,2023-02-01,CUST673,3,35,105,Sabun,Lifebuoy
674,2023-04-16,CUST674,1,48,48,Minuman,Pocari Sweat
675,2023-08-04,CUST675,2,34,68,Mi Instan,Sarimi Ayam
676,2023-07-19,CUST676,3,38,114,Mi Instan,Mie Sedaap Soto
677,2023-10-27,CUST677,3,30,90,Minuman,Teh Botol
678,2023-12-23,CUST678,3,38,114,Mi Instan,Mie Sedaap Soto
679,2023-01-11,CUST679,3,38,114,Mi Instan,Mie Sedaap Soto
680,2023-10-22,CUST680,3,52,156,Susu,Ultra Milk
681,2023-07-14,CUST681,2,42,84,Kopi,Kapal Api
682,2023-09-02,CUST682,4,45,180,Snack,Taro
683,2023-01-04,CUST683,2,40,80,Sabun,Dettol
684,2023-06-30,CUST684,2,60,120,Susu,Dancow
685,2023-06-02,CUST685,2,52,104,Susu,Ultra Milk
686,2023-07-19,CUST686,4,38,152,Kopi,ABC Coffee
687,2023-08-03,CUST687,1,24,24,Minuman,Aqua 600ml
688,2023-10-03,CUST688,4,45,180,Snack,Taro
689,2023-10-07,CUST689,2,40,80,Sabun,Dettol
690,2023-11-05,CUST690,3,48,144,Minuman,Pocari Sweat
691,2023-04-23,CUST691,3,32,96,Sabun,Lux
692,2023-09-07,CUST692,2,52,104,Susu,Ultra Milk
693,2023-04-23,CUST693,3,34,102,Mi Instan,Sarimi Ayam
694,2023-05-20,CUST694,2,50,100,Snack,Qtela
695,2023-08-12,CUST695,3,40,120,Kopi,Good Day
696,2023-09-06,CUST696,4,32,128,Sabun,Lux
697,2023-01-15,CUST697,1,40,40,Kopi,Good Day
698,2023-07-19,CUST698,1,50,50,Snack,Qtela
699,2023-06-22,CUST699,4,60,240,Susu,Dancow
700,2023-12-09,CUST700,4,55,220,Snack,Chitato
701,2023-12-14,CUST701,2,48,96,Minuman,Pocari Sweat
702,2023-07-27,CUST702,2,55,110,Snack,Chitato
703,2023-03-26,CUST703,2,38,76,Mi Instan,Mie Sedaap Soto
704,2023-08-28,CUST704,3,58,174,Susu,Bear Brand
705,2023-03-07,CUST705,2,40,80,Kopi,Good Day
706,2023-11-15,CUST706,4,40,160,Kopi,Good Day
707,2023-10-01,CUST707,1,52,52,Susu,Ultra Milk
708,2023-01-14,CUST708,3,30,90,Minuman,Teh Botol
709,2023-07-21,CUST709,2,32,64,Sabun,Lux
710,2023-10-31,CUST710,3,58,174,Susu,Bear Brand
711,2023-10-16,CUST711,3,60,180,Susu,Dancow
712,2023-12-06,CUST712,2,52,104,Susu,Ultra Milk
713,2023-01-14,CUST713,3,48,144,Minuman,Pocari Sweat
714,2023-02-12,CUST714,1,42,42,Kopi,Kapal Api
715,2023-11-26,CUST715,4,52,208,Susu,Ultra Milk
716,2023-08-08,CUST716,4,50,200,Snack,Qtela
717,2023-03-11,CUST717,1,42,42,Kopi,Kapal Api
718,2023-08-25,CUST718,3,35,105,Sabun,Lifebuoy
719,2023-04-04,CUST719,2,52,104,Susu,Ultra Milk
720,2023-01-26,CUST720,3,45,135,Snack,Taro
721,2023-05-14,CUST721,1,40,40,Kopi,Good Day
722,2023-07-14,CUST722,3,40,120,Kopi,Good Day
723,2023-06-17,CUST723,4,34,136,Mi Instan,Sarimi Ayam
724,2023-04-19,CUST724,3,58,174,Susu,Bear Brand
725,2023-08-21,CUST725,1,58,58,Susu,Bear Brand
726,2023-06-17,CUST726,4,40,160,Sabun,Dettol
727,2023-06-22,CUST727,3,55,165,Snack,Chitato
728,2023-07-14,CUST728,3,40,120,Sabun,Dettol
729,2023-05-23,CUST729,4,60,240,Susu,Dancow
730,2023-08-04,CUST730,2,24,48,Minuman,Aqua 600ml
731,2023-05-10,CUST731,4,38,152,Kopi,ABC Coffee
732,2023-02-11,CUST732,2,58,116,Susu,Bear Brand
733,2023-08-29,CUST733,1,32,32,Sabun,Lux
734,2023-01-10,CUST734,1,48,48,Minuman,Pocari Sweat
735,2023-10-04,CUST735,4,52,208,Susu,Ultra Milk
736,2023-01-27,CUST736,4,36,144,Mi Instan,Indomie Goreng
737,2023-06-29,CUST737,1,38,38,Mi Instan,Mie Sedaap Soto
738,2023-04-25,CUST738,2,34,68,Mi Instan,Sarimi Ayam
739,2023-11-29,CUST739,1,60,60,Susu,Dancow
740,2023-02-05,CUST740,4,35,140,Sabun,Lifebuoy
741,2023-11-30,CUST741,1,48,48,Minuman,Pocari Sweat
742,2023-01-21,CUST742,4,32,128,Sabun,Lux
743,2023-01-16,CUST743,4,34,136,Mi Instan,Sarimi Ayam
744,2023-05-07,CUST744,1,60,60,Susu,Dancow
745,2023-04-13,CUST745,2,52,104,Susu,Ultra Milk
746,2023-01-11,CUST746,3,35,105,Sabun,Lifebuoy
747,2023-11-15,CUST747,1,34,34,Mi Instan,Sarimi Ayam
748,2023-03-20,CUST748,3,42,126,Kopi,Kapal Api
749,2023-05-03,CUST749,1,52,52,Susu,Ultra Milk
750,2023-03-06,CUST750,3,42,126,Kopi,Kapal Api
751,2023-08-31,CUST751,2,42,84,Kopi,Kapal Api
752,2023-12-09,CUST752,2,34,68,Mi Instan,Sarimi Ayam
753,2023-02-28,CUST753,1,40,40,Sabun,Dettol
754,2023-10-16,CUST754,4,40,160,Sabun,Dettol
755,2023-04-22,CUST755,3,48,144,Minuman,Pocari Sweat
756,2023-08-27,CUST756,4,55,220,Snack,Chitato
757,2023-12-25,CUST757,4,38,152,Mi Instan,Mie Sedaap Soto
758,2023-05-12,CUST758,4,55,220,Snack,Chitato
759,2023-07-08,CUST759,2,40,80,Sabun,Dettol
760,2023-03-27,CUST760,1,58,58,Susu,Bear Brand
761,2023-11-07,CUST761,1,48,48,Minuman,Pocari Sweat
762,2023-11-07,CUST762,2,60,120,Susu,Dancow
763,2023-02-28,CUST763,2,32,64,Sabun,Lux
764,2023-03-25,CUST764,1,40,40,Kopi,Good Day
765,2023-06-09,CUST765,4,30,120,Minuman,Teh Botol
766,2023-02-25,CUST766,3,35,105,Sabun,Lifebuoy
767,2023-10-24,CUST767,3,36,108,Mi Instan,Indomie Goreng
768,2023-01-14,CUST768,3,36,108,Mi Instan,Indomie Goreng
769,2023-06-09,CUST769,4,24,96,Minuman,Aqua 600ml
770,2023-10-22,CUST770,1,40,40,Sabun,Dettol
771,2023-12-13,CUST771,2,30,60,Minuman,Teh Botol
772,2023-07-12,CUST772,1,45,45,Snack,Taro
773,2023-07-23,CUST773,4,52,208,Susu,Ultra Milk
774,2023-04-12,CUST774,2,58,116,Susu,Bear Brand
775,2023-02-08,CUST775,4,45,180,Snack,Taro
776,2023-10-31,CUST776,3,38,114,Mi Instan,Mie Sedaap Soto
777,2023-12-20,CUST777,3,30,90,Minuman,Teh Botol
778,2023-11-18,CUST778,4,60,240,Susu,Dancow
779,2023-05-05,CUST779,2,35,70,Sabun,Lifebuoy
780,2023-02-22,CUST780,2,40,80,Kopi,Good Day
781,2023-12-23,CUST781,1,38,38,Mi Instan,Mie Sedaap Soto
782,2023-06-04,CUST782,3,30,90,Minuman,Teh Botol
783,2023-12-17,CUST783,1,34,34,Mi Instan,Sarimi Ayam
784,2023-11-04,CUST784,1,52,52,Susu,Ultra Milk
785,2023-03-03,CUST785,4,55,220,Snack,Chitato
786,2023-10-17,CUST786,4,32,128,Sabun,Lux
787,2023-01-22,CUST787,1,55,55,Snack,Chitato
788,2023-06-27,CUST788,3,24,72,Minuman,Aqua 600ml
789,2023-09-30,CUST789,4,40,160,Kopi,Good Day
790,2023-08-08,CUST790,1,30,30,Minuman,Teh Botol
791,2023-12-05,CUST791,1,48,48,Minuman,Pocari Sweat
792,2023-07-09,CUST792,1,45,45,Snack,Taro
793,2023-02-05,CUST793,1,36,36,Mi Instan,Indomie Goreng
794,2023-09-17,CUST794,1,38,38,Mi Instan,Mie Sedaap Soto
795,2023-11-28,CUST795,1,55,55,Snack,Chitato
796,2023-06-24,CUST796,4,34,136,Mi Instan,Sarimi Ayam
797,2023-01-07,CUST797,3,42,126,Kopi,Kapal Api
798,2023-08-04,CUST798,1,34,34,Mi Instan,Sarimi Ayam
799,2023-09-08,CUST799,2,38,76,Mi Instan,Mie Sedaap Soto
800,2023-02-24,CUST800,4,24,96,Minuman,Aqua 600ml
801,2023-08-10,CUST801,4,50,200,Snack,Qtela
802,2023-07-05,CUST802,1,42,42,Kopi,Kapal Api
803,2023-11-22,CUST803,4,34,136,Mi Instan,Sarimi Ayam
804,2023-08-24,CUST804,1,38,38,Mi Instan,Mie Sedaap Soto
805,2023-12-29,CUST805,3,50,150,Snack,Qtela
806,2023-03-20,CUST806,3,45,135,Snack,Taro
807,2023-08-11,CUST807,4,35,140,Sabun,Lifebuoy
808,2023-04-01,CUST808,4,52,208,Susu,Ultra Milk
809,2023-09-25,CUST809,2,35,70,Sabun,Lifebuoy
810,2023-11-30,CUST810,4,52,208,Susu,Ultra Milk
811,2023-05-19,CUST811,2,42,84,Kopi,Kapal Api
812,2023-11-12,CUST812,3,42,126,Kopi,Kapal Api
813,2023-10-03,CUST813,3,24,72,Minuman,Aqua 600ml
814,2023-09-05,CUST814,1,36,36,Mi Instan,Indomie Goreng
815,2023-08-27,CUST815,3,60,180,Susu,Dancow
816,2023-08-12,CUST816,2,50,100,Snack,Qtela
817,2023-10-31,CUST817,4,40,160,Sabun,Dettol
818,2023-05-18,CUST818,1,34,34,Mi Instan,Sarimi Ayam
819,2023-06-15,CUST819,2,30,60,Minuman,Teh Botol
820,2023-05-06,CUST820,4,60,240,Susu,Dancow
821,2023-02-14,CUST821,1,55,55,Snack,Chitato
822,2023-05-23,CUST822,3,36,108,Mi Instan,Indomie Goreng
823,2023-08-19,CUST823,2,40,80,Kopi,Good Day
824,2023-05-05,CUST824,4,48,192,Minuman,Pocari Sweat
825,2023-08-26,CUST825,1,36,36,Mi Instan,Indomie Goreng
826,2023-10-19,CUST826,1,24,24,Minuman,Aqua 600ml
827,2023-11-09,CUST827,3,50,150,Snack,Qtela
828,2023-12-09,CUST828,4,38,152,Kopi,ABC Coffee
829,2023-07-14,CUST829,3,35,105,Sabun,Lifebuoy
830,2023-06-22,CUST830,3,38,114,Mi Instan,Mie Sedaap Soto
831,2023-01-15,CUST831,4,38,152,Mi Instan,Mie Sedaap Soto
832,2023-09-11,CUST832,4,40,160,Sabun,Dettol
833,2023-06-16,CUST833,4,52,208,Susu,Ultra Milk
834,2023-04-04,CUST834,2,38,76,Mi Instan,Mie Sedaap Soto
835,2023-09-07,CUST835,4,36,144,Mi Instan,Indomie Goreng
836,2023-04-19,CUST836,1,35,35,Sabun,Lifebuoy
837,2023-07-01,CUST837,3,35,105,Sabun,Lifebuoy
838,2023-05-13,CUST838,2,24,48,Minuman,Aqua 600ml
839,2023-06-24,CUST839,4,45,180,Snack,Taro
840,2023-05-24,CUST840,2,30,60,Minuman,Teh Botol
841,2023-11-02,CUST841,4,38,152,Mi Instan,Mie Sedaap Soto
842,2023-12-26,CUST842,2,34,68,Mi Instan,Sarimi Ayam
843,2023-05-22,CUST843,3,32,96,Sabun,Lux
844,2023-10-12,CUST844,3,42,126,Kopi,Kapal Api
845,2023-01-06,CUST845,1,38,38,Kopi,ABC Coffee
846,2023-09-22,CUST846,1,50,50,Snack,Qtela
847,2023-04-08,CUST847,4,32,128,Sabun,Lux
848,2023-02-13,CUST848,3,50,150,Snack,Qtela
849,2023-05-04,CUST849,2,38,76,Mi Instan,Mie Sedaap Soto
850,2023-07-28,CUST850,2,38,76,Kopi,ABC Coffee
851,2023-09-08,CUST851,2,55,110,Snack,Chitato
852,2023-10-12,CUST852,1,30,30,Minuman,Teh Botol
853,2023-05-04,CUST853,2,58,116,Susu,Bear Brand
854,2023-12-20,CUST854,1,58,58,Susu,Bear Brand
855,2023-09-01,CUST855,1,42,42,Kopi,Kapal Api
856,2023-11-27,CUST856,4,30,120,Minuman,Teh Botol
857,2023-12-31,CUST857,2,60,120,Susu,Dancow
858,2023-09-09,CUST858,2,60,120,Susu,Dancow
859,2023-08-18,CUST859,3,40,120,Sabun,Dettol
860,2023-01-09,CUST860,4,60,240,Susu,Dancow
861,2023-02-17,CUST861,3,34,102,Mi Instan,Sarimi Ayam
862,2023-05-31,CUST862,4,50,200,Snack,Qtela
863,2023-04-24,CUST863,2,32,64,Sabun,Lux
864,2023-07-27,CUST864,1,60,60,Susu,Dancow
865,2023-12-21,CUST865,1,30,30,Minuman,Teh Botol
866,2023-05-05,CUST866,1,60,60,Susu,Dancow
867,2023-06-06,CUST867,1,50,50,Snack,Qtela
868,2023-12-06,CUST868,1,48,48,Minuman,Pocari Sweat
869,2023-10-25,CUST869,3,36,108,Mi Instan,Indomie Goreng
870,2023-07-08,CUST870,4,40,160,Sabun,Dettol
871,2023-08-31,CUST871,2,42,84,Kopi,Kapal Api
872,2023-10-11,CUST872,3,30,90,Minuman,Teh Botol
873,2023-09-29,CUST873,4,60,240,Susu,Dancow
874,2023-06-26,CUST874,1,40,40,Kopi,Good Day
875,2023-08-06,CUST875,4,58,232,Susu,Bear Brand
876,2023-10-09,CUST876,4,38,152,Mi Instan,Mie Sedaap Soto
877,2023-06-19,CUST877,1,38,38,Mi Instan,Mie Sedaap Soto
878,2023-06-30,CUST878,1,58,58,Susu,Bear Brand
879,2023-12-26,CUST879,1,38,38,Mi Instan,Mie Sedaap Soto
880,2023-08-21,CUST880,2,36,72,Mi Instan,Indomie Goreng
881,2023-05-19,CUST881,1,45,45,Snack,Taro
882,2023-06-06,CUST882,2,38,76,Kopi,ABC Coffee
883,2023-05-09,CUST883,1,55,55,Snack,Chitato
884,2023-04-29,CUST884,2,38,76,Kopi,ABC Coffee
885,2023-03-03,CUST885,4,32,128,Sabun,Lux
886,2023-04-09,CUST886,3,60,180,Susu,Dancow
887,2023-06-11,CUST887,4,55,220,Snack,Chitato
888,2023-03-03,CUST888,4,58,232,Susu,Bear Brand
889,2023-10-02,CUST889,1,52,52,Susu,Ultra Milk
890,2023-12-20,CUST890,2,35,70,Sabun,Lifebuoy
891,2023-04-05,CUST891,3,38,114,Mi Instan,Mie Sedaap Soto
892,2023-04-09,CUST892,1,32,32,Sabun,Lux
893,2023-04-21,CUST893,1,45,45,Snack,Taro
894,2023-09-05,CUST894,1,36,36,Mi Instan,Indomie Goreng
895,2023-05-22,CUST895,4,32,128,Sabun,Lux
896,2023-10-29,CUST896,2,42,84,Kopi,Kapal Api
897,2023-09-26,CUST897,2,35,70,Sabun,Lifebuoy
898,2023-11-02,CUST898,3,24,72,Minuman,Aqua 600ml
899,2023-05-25,CUST899,2,42,84,Kopi,Kapal Api
900,2023-02-21,CUST900,2,58,116,Susu,Bear Brand
901,2023-04-10,CUST901,1,58,58,Susu,Bear Brand
902,2023-06-01,CUST902,1,24,24,Minuman,Aqua 600ml
903,2023-04-27,CUST903,4,60,240,Susu,Dancow
904,2023-07-04,CUST904,1,36,36,Mi Instan,Indomie Goreng
905,2023-04-02,CUST905,1,40,40,Sabun,Dettol
906,2023-06-04,CUST906,1,48,48,Minuman,Pocari Sweat
907,2023-01-08,CUST907,1,38,38,Kopi,ABC Coffee
908,2023-12-29,CUST908,4,50,200,Snack,Qtela
909,2023-10-01,CUST909,1,34,34,Mi Instan,Sarimi Ayam
910,2023-03-06,CUST910,3,42,126,Kopi,Kapal Api
911,2023-05-21,CUST911,3,58,174,Susu,Bear Brand
912,2023-01-24,CUST912,3,32,96,Sabun,Lux
913,2023-01-28,CUST913,3,40,120,Sabun,Dettol
914,2023-10-11,CUST914,1,50,50,Snack,Qtela
915,2023-05-30,CUST915,3,52,156,Susu,Ultra Milk
916,2023-12-24,CUST916,1,40,40,Kopi,Good Day
917,2023-03-06,CUST917,4,32,128,Sabun,Lux
918,2023-11-23,CUST918,3,55,165,Snack,Chitato
919,2023-09-09,CUST919,2,38,76,Kopi,ABC Coffee
920,2023-02-22,CUST920,3,24,72,Minuman,Aqua 600ml
921,2023-01-07,CUST921,3,34,102,Mi Instan,Sarimi Ayam
922,2023-10-21,CUST922,1,32,32,Sabun,Lux
923,2023-05-26,CUST923,3,40,120,Sabun,Dettol
924,2023-08-29,CUST924,2,45,90,Snack,Taro
925,2023-09-03,CUST925,1,38,38,Mi Instan,Mie Sedaap Soto
926,2023-08-14,CUST926,1,40,40,Sabun,Dettol
927,2023-06-24,CUST927,4,24,96,Minuman,Aqua 600ml
928,2023-04-05,CUST928,4,40,160,Kopi,Good Day
929,2023-01-27,CUST929,3,38,114,Kopi,ABC Coffee
930,2023-05-10,CUST930,4,32,128,Sabun,Lux
931,2023-09-02,CUST931,4,40,160,Sabun,Dettol
932,2023-02-28,CUST932,4,32,128,Sabun,Lux
933,2023-02-03,CUST933,1,38,38,Mi Instan,Mie Sedaap Soto
934,2023-07-25,CUST934,1,36,36,Mi Instan,Indomie Goreng
935,2023-09-09,CUST935,1,35,35,Sabun,Lifebuoy
936,2023-02-07,CUST936,4,40,160,Sabun,Dettol
937,2023-10-23,CUST937,1,60,60,Susu,Dancow
938,2023-11-19,CUST938,4,50,200,Snack,Qtela
939,2023-12-18,CUST939,1,38,38,Mi Instan,Mie Sedaap Soto
940,2023-01-28,CUST940,1,38,38,Mi Instan,Mie Sedaap Soto
941,2023-03-19,CUST941,2,45,90,Snack,Taro
942,2023-03-18,CUST942,3,50,150,Snack,Qtela
943,2023-10-16,CUST943,4,58,232,Susu,Bear Brand
944,2023-06-05,CUST944,2,52,104,Susu,Ultra Milk
945,2023-02-13,CUST945,1,48,48,Minuman,Pocari Sweat
946,2023-05-08,CUST946,4,32,128,Sabun,Lux
947,2023-03-02,CUST947,1,34,34,Mi Instan,Sarimi Ayam
948,2023-10-13,CUST948,3,60,180,Susu,Dancow
949,2023-08-02,CUST949,2,36,72,Mi Instan,Indomie Goreng
950,2023-11-07,CUST950,3,30,90,Minuman,Teh Botol
951,2023-11-02,CUST951,2,48,96,Minuman,Pocari Sweat
952,2023-11-13,CUST952,1,38,38,Kopi,ABC Coffee
953,2023-04-26,CUST953,3,40,120,Sabun,Dettol
954,2023-09-25,CUST954,3,45,135,Snack,Taro
955,2023-07-14,CUST955,1,42,42,Kopi,Kapal Api
956,2023-08-19,CUST956,3,32,96,Sabun,Lux
957,2023-08-15,CUST957,4,40,160,Kopi,Good Day
958,2023-06-02,CUST958,2,30,60,Minuman,Teh Botol
959,2023-10-29,CUST959,2,45,90,Snack,Taro
960,2023-08-08,CUST960,2,24,48,Minuman,Aqua 600ml
961,2023-06-06,CUST961,4,55,220,Snack,Chitato
962,2023-10-19,CUST962,2,55,110,Snack,Chitato
963,2023-11-14,CUST963,1,55,55,Snack,Chitato
964,2023-01-31,CUST964,3,24,72,Minuman,Aqua 600ml
965,2023-11-09,CUST965,4,38,152,Mi Instan,Mie Sedaap Soto
966,2023-02-20,CUST966,2,52,104,Susu,Ultra Milk
967,2023-04-17,CUST967,1,55,55,Snack,Chitato
968,2023-11-17,CUST968,3,42,126,Kopi,Kapal Api
969,2023-04-19,CUST969,3,32,96,Sabun,Lux
970,2023-05-16,CUST970,4,52,208,Susu,Ultra Milk
971,2023-12-05,CUST971,4,58,232,Susu,Bear Brand
972,2023-02-11,CUST972,4,52,208,Susu,Ultra Milk
973,2023-03-22,CUST973,1,52,52,Susu,Ultra Milk
974,2023-05-03,CUST974,1,45,45,Snack,Taro
975,2023-03-30,CUST975,4,55,220,Snack,Chitato
976,2023-10-10,CUST976,2,34,68,Mi Instan,Sarimi Ayam
977,2023-02-08,CUST977,3,60,180,Susu,Dancow
978,2023-03-22,CUST978,3,32,96,Sabun,Lux
979,2023-01-02,CUST979,1,52,52,Susu,Ultra Milk
980,2023-07-29,CUST980,3,35,105,Sabun,Lifebuoy
981,2023-08-19,CUST981,2,40,80,Sabun,Dettol
982,2023-12-19,CUST982,3,55,165,Snack,Chitato
983,2023-11-01,CUST983,1,58,58,Susu,Bear Brand
984,2023-08-29,CUST984,1,38,38,Kopi,ABC Coffee
985,2023-05-30,CUST985,2,38,76,Mi Instan,Mie Sedaap Soto
986,2023-01-17,CUST986,2,40,80,Kopi,Good Day
987,2023-04-29,CUST987,3,55,165,Snack,Chitato
988,2023-05-28,CUST988,3,38,114,Kopi,ABC Coffee
989,2023-12-28,CUST989,1,35,35,Sabun,Lifebuoy
990,2023-05-25,CUST990,2,50,100,Snack,Qtela
991,2023-12-26,CUST991,2,42,84,Kopi,Kapal Api
992,2023-08-21,CUST992,2,58,116,Susu,Bear Brand
993,2023-02-06,CUST993,3,32,96,Sabun,Lux
994,2023-12-18,CUST994,2,24,48,Minuman,Aqua 600ml
995,2023-04-30,CUST995,1,45,45,Snack,Taro
996,2023-05-16,CUST996,1,34,34,Mi Instan,Sarimi Ayam
997,2023-11-17,CUST997,3,40,120,Sabun,Dettol
998,2023-10-29,CUST998,4,58,232,Susu,Bear Brand
999,2023-12-05,CUST999,3,55,165,Snack,Chitato
1000,2023-04-12,CUST1000,4,30,120,Minuman,Teh Botol
